{"check_style_score": "1/1", "user_id": "gangadharsingh", "version": "1", "message": "ERROR: Hidden Testcases server unreachable.", "score": {"sample": {"0": {"execution_time": 0.15335607528686523, "passed": true}, "1": {"execution_time": 0.11764216423034668, "passed": true}, "2": {"execution_time": 0.10915875434875488, "passed": true}, "3": {"execution_time": 0.1996147632598877, "passed": true}, "4": {"execution_time": 0.10738229751586914, "passed": true}, "5": {"execution_time": 0.11278414726257324, "passed": true}, "6": {"execution_time": 0.11400532722473145, "passed": true}, "7": {"execution_time": 0.11802220344543457, "passed": true}, "8": {"execution_time": 0.11481118202209473, "passed": true}, "9": {"execution_time": 0.22146296501159668, "passed": true}, "10": {"execution_time": 0.11316800117492676, "passed": true}, "11": {"execution_time": 0.11108875274658203, "passed": true}, "12": {"execution_time": 0.11743807792663574, "passed": true}, "13": {"execution_time": 0.11550593376159668, "passed": true}, "14": {"execution_time": 0.11428618431091309, "passed": true}, "15": {"execution_time": 0.14954471588134766, "passed": true}, "16": {"execution_time": 0.12400269508361816, "passed": true}, "17": {"execution_time": 0.15559625625610352, "passed": true}, "18": {"execution_time": 0.14605259895324707, "passed": true}, "19": {"execution_time": 0.16518878936767578, "passed": true}, "20": {"execution_time": 0.37460851669311523, "passed": true}, "21": {"execution_time": 0.11155891418457031, "passed": true}, "22": {"execution_time": 0.1812436580657959, "passed": true}, "23": {"execution_time": 0.18560338020324707, "passed": true}}}, "problem_id": "ads2_m2_a1_1"}