{"version": "1", "check_style_score": "1/1", "user_id": "gangadharsingh", "message": "ERROR: Hidden Testcases server unreachable.", "problem_id": "ads2_m2_a1_1", "score": {"sample": {"0": {"passed": true, "execution_time": 0.20131182670593262}, "1": {"passed": true, "execution_time": 0.15757274627685547}, "2": {"passed": true, "execution_time": 0.19951200485229492}, "3": {"passed": true, "execution_time": 0.10616493225097656}, "4": {"passed": true, "execution_time": 0.20575809478759766}, "5": {"passed": true, "execution_time": 0.10988712310791016}, "6": {"passed": true, "execution_time": 0.11431574821472168}, "7": {"passed": true, "execution_time": 0.19842004776000977}, "8": {"passed": true, "execution_time": 0.15705013275146484}, "9": {"passed": true, "execution_time": 0.11878037452697754}, "10": {"passed": true, "execution_time": 0.17730236053466797}, "11": {"passed": true, "execution_time": 0.18507599830627441}, "12": {"passed": true, "execution_time": 0.17105340957641602}, "13": {"passed": true, "execution_time": 0.19268131256103516}, "14": {"passed": true, "execution_time": 0.12343835830688477}, "15": {"passed": true, "execution_time": 0.20681190490722656}, "16": {"passed": true, "execution_time": 0.128570556640625}, "17": {"passed": true, "execution_time": 0.2288961410522461}, "18": {"passed": true, "execution_time": 0.21322417259216309}, "19": {"passed": true, "execution_time": 0.223494291305542}, "20": {"passed": true, "execution_time": 0.22636866569519043}, "21": {"passed": true, "execution_time": 0.12109994888305664}, "22": {"passed": true, "execution_time": 0.253803014755249}, "23": {"passed": true, "execution_time": 0.30277228355407715}}}}