{"problem_id": "ads2_m6_a1_1", "user_id": "gangadharsingh", "check_style_score": "0/1", "message": "ERROR: Hidden Testcases server unreachable.", "version": "1", "score": {"sample": {"0": {"execution_time": 0.18978238105773926, "passed": false}, "1": {"execution_time": 0.18430662155151367, "passed": false}, "2": {"execution_time": 0.18426108360290527, "passed": false}, "3": {"execution_time": 0.21888971328735352, "passed": false}, "4": {"execution_time": 0.2014787197113037, "passed": false}, "5": {"execution_time": 0.22130393981933594, "passed": true}, "6": {"execution_time": 0.18555808067321777, "passed": true}, "7": {"execution_time": 0.20328211784362793, "passed": false}, "8": {"execution_time": 0.18262290954589844, "passed": true}, "9": {"execution_time": 0.19150304794311523, "passed": false}, "10": {"execution_time": 0.1701183319091797, "passed": true}, "11": {"execution_time": 0.2184290885925293, "passed": false}}}}