{"message": "ERROR: Hidden Testcases server unreachable.", "score": {"sample": {"0": {"execution_time": 0.17827916145324707, "passed": false}, "1": {"execution_time": 0.23366475105285645, "passed": false}, "2": {"execution_time": 0.17157912254333496, "passed": false}, "3": {"execution_time": 0.187575101852417, "passed": false}, "4": {"execution_time": 0.27342748641967773, "passed": false}, "5": {"execution_time": 0.18150639533996582, "passed": false}, "6": {"execution_time": 0.19027972221374512, "passed": false}, "7": {"execution_time": 0.2258286476135254, "passed": false}, "8": {"execution_time": 0.2341601848602295, "passed": false}, "9": {"execution_time": 0.25824832916259766, "passed": false}, "10": {"execution_time": 0.2672712802886963, "passed": false}, "11": {"execution_time": 0.22826623916625977, "passed": false}}}, "version": "1", "check_style_score": "0/1", "problem_id": "ads2_m6_a1_1", "user_id": "gangadharsingh"}