{"user_id": "gangadharsingh", "version": "1", "message": "ERROR: Hidden Testcases server unreachable.", "score": {"sample": {"0": {"execution_time": 0.18646645545959473, "passed": false}, "1": {"execution_time": 0.18808269500732422, "passed": false}, "2": {"execution_time": 0.2512185573577881, "passed": false}, "3": {"execution_time": 0.20213556289672852, "passed": false}, "4": {"execution_time": 0.19390487670898438, "passed": false}, "5": {"execution_time": 0.21606683731079102, "passed": true}, "6": {"execution_time": 0.27176833152770996, "passed": true}, "7": {"execution_time": 0.3319101333618164, "passed": false}, "8": {"execution_time": 0.30968260765075684, "passed": true}, "9": {"execution_time": 0.19854259490966797, "passed": false}, "10": {"execution_time": 0.17769193649291992, "passed": true}, "11": {"execution_time": 0.23369526863098145, "passed": false}}}, "problem_id": "ads2_m6_a1_1", "check_style_score": "0/1"}