{"problem_id": "ads2_m6_a1_1", "user_id": "gangadharsingh", "check_style_score": "0/1", "version": "1", "message": "ERROR: Hidden Testcases server unreachable.", "score": {"sample": {"0": {"execution_time": 0.18694376945495605, "passed": false}, "1": {"execution_time": 0.1796422004699707, "passed": false}, "2": {"execution_time": 0.17982769012451172, "passed": false}, "3": {"execution_time": 0.19760537147521973, "passed": false}, "4": {"execution_time": 0.1944732666015625, "passed": false}, "5": {"execution_time": 0.21483707427978516, "passed": true}, "6": {"execution_time": 0.19233179092407227, "passed": true}, "7": {"execution_time": 0.18953466415405273, "passed": false}, "8": {"execution_time": 0.20454621315002441, "passed": true}, "9": {"execution_time": 0.20921969413757324, "passed": false}, "10": {"execution_time": 0.1945044994354248, "passed": true}, "11": {"execution_time": 0.20712661743164062, "passed": false}}}}