{"version": "1", "problem_id": "ads2_m6_a1_1", "message": "ERROR: Hidden Testcases server unreachable.", "user_id": "gangadharsingh", "check_style_score": "0/1", "score": {"sample": {"0": {"passed": false, "execution_time": 0.18882489204406738}, "1": {"passed": false, "execution_time": 0.18416666984558105}, "2": {"passed": false, "execution_time": 0.19833087921142578}, "3": {"passed": false, "execution_time": 0.20198559761047363}, "4": {"passed": false, "execution_time": 0.19194436073303223}, "5": {"passed": true, "execution_time": 0.2080070972442627}, "6": {"passed": true, "execution_time": 0.17917561531066895}, "7": {"passed": false, "execution_time": 0.20648503303527832}, "8": {"passed": true, "execution_time": 0.1820836067199707}, "9": {"passed": false, "execution_time": 0.1940469741821289}, "10": {"passed": true, "execution_time": 0.1889486312866211}, "11": {"passed": false, "execution_time": 0.2052595615386963}}}}