{"score": {"sample": {"0": {"passed": false, "execution_time": 0.18276572227478027}, "1": {"passed": false, "execution_time": 0.19660687446594238}, "2": {"passed": false, "execution_time": 0.1847999095916748}, "3": {"passed": false, "execution_time": 0.1925656795501709}, "4": {"passed": false, "execution_time": 0.30205440521240234}, "5": {"passed": true, "execution_time": 0.20666766166687012}, "6": {"passed": true, "execution_time": 0.17469000816345215}, "7": {"passed": false, "execution_time": 0.19498300552368164}, "8": {"passed": true, "execution_time": 0.1956348419189453}, "9": {"passed": false, "execution_time": 0.31139326095581055}, "10": {"passed": true, "execution_time": 0.17520737648010254}, "11": {"passed": false, "execution_time": 0.20754599571228027}}}, "check_style_score": "0/1", "user_id": "gangadharsingh", "version": "1", "problem_id": "ads2_m6_a1_1", "message": "ERROR: Hidden Testcases server unreachable."}