{"version": "1", "user_id": "gangadharsingh", "message": "ERROR: Hidden Testcases server unreachable.", "problem_id": "ads2_m6_a1_1", "check_style_score": "0/1", "score": {"sample": {"0": {"execution_time": 0.19661211967468262, "passed": false}, "1": {"execution_time": 0.18118524551391602, "passed": false}, "2": {"execution_time": 0.1955099105834961, "passed": false}, "3": {"execution_time": 0.1918184757232666, "passed": false}, "4": {"execution_time": 0.20197844505310059, "passed": false}, "5": {"execution_time": 0.20819973945617676, "passed": true}, "6": {"execution_time": 0.19585824012756348, "passed": true}, "7": {"execution_time": 0.19626545906066895, "passed": false}, "8": {"execution_time": 0.19573402404785156, "passed": true}, "9": {"execution_time": 0.18932557106018066, "passed": false}, "10": {"execution_time": 0.18340754508972168, "passed": true}, "11": {"execution_time": 0.20956039428710938, "passed": false}}}}