{"version": "1", "user_id": "gangadharsingh", "message": "ERROR: Hidden Testcases server unreachable.", "problem_id": "ads2_m6_a1_1", "check_style_score": "0/1", "score": {"sample": {"0": {"passed": false, "execution_time": 0.20239734649658203}, "1": {"passed": false, "execution_time": 0.24889326095581055}, "2": {"passed": false, "execution_time": 0.2016141414642334}, "3": {"passed": false, "execution_time": 0.20122742652893066}, "4": {"passed": false, "execution_time": 0.19509029388427734}, "5": {"passed": true, "execution_time": 0.21312403678894043}, "6": {"passed": true, "execution_time": 0.18598103523254395}, "7": {"passed": false, "execution_time": 0.20206284523010254}, "8": {"passed": true, "execution_time": 0.19289374351501465}, "9": {"passed": false, "execution_time": 0.29643821716308594}, "10": {"passed": true, "execution_time": 0.17208027839660645}, "11": {"passed": false, "execution_time": 0.21388006210327148}}}}