{"message": "ERROR: Hidden Testcases server unreachable.", "score": {"sample": {"0": {"passed": false, "execution_time": 0.39833927154541016}, "1": {"passed": false, "execution_time": 0.19222688674926758}, "2": {"passed": false, "execution_time": 0.1840076446533203}, "3": {"passed": false, "execution_time": 0.20384764671325684}, "4": {"passed": false, "execution_time": 0.2079143524169922}, "5": {"passed": true, "execution_time": 0.21106886863708496}, "6": {"passed": true, "execution_time": 0.1851181983947754}, "7": {"passed": false, "execution_time": 0.19257354736328125}, "8": {"passed": true, "execution_time": 0.19006991386413574}, "9": {"passed": false, "execution_time": 0.19460177421569824}, "10": {"passed": true, "execution_time": 0.17834973335266113}, "11": {"passed": false, "execution_time": 0.22320246696472168}}}, "version": "1", "user_id": "gangadharsingh", "problem_id": "ads2_m6_a1_1", "check_style_score": "0/1"}