{"version": "1", "problem_id": "ads2_m6_a1_1", "score": {"sample": {"0": {"execution_time": 0.250683069229126, "passed": false}, "1": {"execution_time": 0.34517741203308105, "passed": false}, "2": {"execution_time": 0.273578405380249, "passed": false}, "3": {"execution_time": 0.3279886245727539, "passed": false}, "4": {"execution_time": 0.19525623321533203, "passed": false}, "5": {"execution_time": 0.18452000617980957, "passed": false}, "6": {"execution_time": 0.22220730781555176, "passed": true}, "7": {"execution_time": 0.20984983444213867, "passed": false}, "8": {"execution_time": 0.25774693489074707, "passed": true}, "9": {"execution_time": 0.2138652801513672, "passed": false}, "10": {"execution_time": 0.2642064094543457, "passed": true}, "11": {"execution_time": 0.26058506965637207, "passed": false}}}, "message": "ERROR: Hidden Testcases server unreachable.", "user_id": "gangadharsingh", "check_style_score": "0/1"}