{"user_id": "gangadharsingh", "version": "1", "message": "ERROR: Hidden Testcases server unreachable.", "problem_id": "ads2_m16_a1_1", "check_style_score": "0/1", "score": {"sample": {"0": {"passed": true, "execution_time": 0.3924088478088379}, "1": {"passed": true, "execution_time": 0.20264315605163574}, "2": {"passed": true, "execution_time": 0.621675968170166}, "3": {"passed": true, "execution_time": 0.7989909648895264}, "4": {"passed": true, "execution_time": 0.6281640529632568}, "5": {"passed": true, "execution_time": 0.5381176471710205}, "6": {"passed": true, "execution_time": 0.6304991245269775}, "7": {"passed": true, "execution_time": 0.9490947723388672}, "8": {"passed": true, "execution_time": 0.3158574104309082}, "9": {"passed": true, "execution_time": 0.6287798881530762}, "10": {"passed": true, "execution_time": 0.6450998783111572}, "11": {"passed": true, "execution_time": 2.5083770751953125}, "12": {"passed": true, "execution_time": 0.5995826721191406}, "13": {"passed": true, "execution_time": 0.3849637508392334}, "14": {"passed": true, "execution_time": 0.6164419651031494}, "15": {"passed": true, "execution_time": 0.6067371368408203}, "16": {"passed": true, "execution_time": 0.3198814392089844}, "17": {"passed": true, "execution_time": 0.23555803298950195}, "18": {"passed": true, "execution_time": 0.32225561141967773}, "19": {"passed": true, "execution_time": 0.2865908145904541}, "20": {"passed": true, "execution_time": 0.42636895179748535}, "21": {"passed": true, "execution_time": 0.45618581771850586}, "22": {"passed": true, "execution_time": 0.36441874504089355}, "23": {"passed": true, "execution_time": 0.35239100456237793}, "24": {"passed": true, "execution_time": 0.31545543670654297}, "25": {"passed": true, "execution_time": 1.0327537059783936}, "26": {"passed": true, "execution_time": 0.5548996925354004}, "27": {"passed": true, "execution_time": 0.6265196800231934}, "28": {"passed": true, "execution_time": 1.1630589962005615}, "29": {"passed": false, "execution_time": 0.17145276069641113}}}}