{"message": "ERROR: Hidden Testcases server unreachable.", "score": {"sample": {"0": {"passed": true, "execution_time": 7.210771322250366}, "1": {"passed": true, "execution_time": 7.0241379737854}, "2": {"passed": false, "execution_time": 13.54880142211914}, "3": {"passed": true, "execution_time": 9.70528769493103}, "4": {"passed": true, "execution_time": 10.114475727081299}, "5": {"passed": true, "execution_time": 9.612967252731323}, "6": {"passed": true, "execution_time": 2.533372640609741}, "7": {"passed": true, "execution_time": 2.4489126205444336}, "8": {"passed": true, "execution_time": 1.870832920074463}, "9": {"passed": true, "execution_time": 1.7199857234954834}, "10": {"passed": true, "execution_time": 1.1932518482208252}, "11": {"passed": true, "execution_time": 4.016276121139526}, "12": {"passed": true, "execution_time": 2.290647268295288}, "13": {"passed": true, "execution_time": 1.5287818908691406}, "14": {"passed": true, "execution_time": 1.1954574584960938}, "15": {"passed": false, "execution_time": 10.061955690383911}, "16": {"passed": true, "execution_time": 1.5619900226593018}, "17": {"passed": true, "execution_time": 1.6967494487762451}, "18": {"passed": true, "execution_time": 1.7807533740997314}, "19": {"passed": false, "execution_time": 10.015968561172485}, "20": {"passed": false, "execution_time": 10.01869249343872}, "21": {"passed": true, "execution_time": 0.32858848571777344}, "22": {"passed": true, "execution_time": 0.33556294441223145}, "23": {"passed": false, "execution_time": 10.0159010887146}, "24": {"passed": true, "execution_time": 1.276822805404663}, "25": {"passed": false, "execution_time": 10.050270080566406}, "26": {"passed": false, "execution_time": 10.050380229949951}, "27": {"passed": false, "execution_time": 10.058813571929932}, "28": {"passed": false, "execution_time": 10.070165872573853}, "29": {"passed": false, "execution_time": 0.7172777652740479}}}, "version": "1", "user_id": "gangadharsingh", "problem_id": "ads2_m16_a1_1", "check_style_score": "0/1"}