{"problem_id": "ads2_m16_a1_1", "check_style_score": "0/1", "message": "ERROR: Hidden Testcases server unreachable.", "score": {"sample": {"0": {"execution_time": 0.3497803211212158, "passed": true}, "1": {"execution_time": 0.24350214004516602, "passed": true}, "2": {"execution_time": 1.186392068862915, "passed": true}, "3": {"execution_time": 1.1266214847564697, "passed": true}, "4": {"execution_time": 1.0849225521087646, "passed": true}, "5": {"execution_time": 1.15263032913208, "passed": true}, "6": {"execution_time": 1.0971527099609375, "passed": true}, "7": {"execution_time": 1.0771567821502686, "passed": true}, "8": {"execution_time": 0.3179929256439209, "passed": true}, "9": {"execution_time": 1.0965206623077393, "passed": true}, "10": {"execution_time": 1.1444027423858643, "passed": true}, "11": {"execution_time": 3.9511892795562744, "passed": true}, "12": {"execution_time": 1.6882078647613525, "passed": true}, "13": {"execution_time": 0.23856329917907715, "passed": true}, "14": {"execution_time": 1.5344007015228271, "passed": true}, "15": {"execution_time": 1.026195764541626, "passed": true}, "16": {"execution_time": 0.32953476905822754, "passed": true}, "17": {"execution_time": 0.27295613288879395, "passed": true}, "18": {"execution_time": 0.42145276069641113, "passed": true}, "19": {"execution_time": 0.38907790184020996, "passed": true}, "20": {"execution_time": 0.3666534423828125, "passed": true}, "21": {"execution_time": 0.3636608123779297, "passed": true}, "22": {"execution_time": 0.3830080032348633, "passed": true}, "23": {"execution_time": 0.3237736225128174, "passed": true}, "24": {"execution_time": 0.18187546730041504, "passed": true}, "25": {"execution_time": 1.2647242546081543, "passed": true}, "26": {"execution_time": 0.8967435359954834, "passed": true}, "27": {"execution_time": 1.4384682178497314, "passed": true}, "28": {"execution_time": 2.159297227859497, "passed": true}, "29": {"execution_time": 0.4373455047607422, "passed": false}}}, "version": "1", "user_id": "gangadharsingh"}