{"version": "1", "message": "ERROR: Hidden Testcases server unreachable.", "user_id": "gangadharsingh", "check_style_score": "0/1", "problem_id": "ads2_m16_a1_1", "score": {"sample": {"0": {"execution_time": 0.8634746074676514, "passed": false}, "1": {"execution_time": 0.24327421188354492, "passed": false}, "2": {"execution_time": 1.3242204189300537, "passed": false}, "3": {"execution_time": 1.1838295459747314, "passed": false}, "4": {"execution_time": 1.2887237071990967, "passed": false}, "5": {"execution_time": 1.2244617938995361, "passed": false}, "6": {"execution_time": 1.190722942352295, "passed": false}, "7": {"execution_time": 1.203366756439209, "passed": false}, "8": {"execution_time": 0.48651790618896484, "passed": false}, "9": {"execution_time": 1.2163331508636475, "passed": false}, "10": {"execution_time": 1.1621432304382324, "passed": false}, "11": {"execution_time": 0.2412571907043457, "passed": false}, "12": {"execution_time": 1.1355047225952148, "passed": false}, "13": {"execution_time": 0.3147733211517334, "passed": true}, "14": {"execution_time": 1.2150955200195312, "passed": false}, "15": {"execution_time": 1.1508371829986572, "passed": false}, "16": {"execution_time": 0.4234185218811035, "passed": false}, "17": {"execution_time": 0.4142446517944336, "passed": false}, "18": {"execution_time": 0.4276084899902344, "passed": false}, "19": {"execution_time": 0.29541563987731934, "passed": false}, "20": {"execution_time": 0.3103947639465332, "passed": false}, "21": {"execution_time": 0.5039253234863281, "passed": false}, "22": {"execution_time": 0.3501474857330322, "passed": false}, "23": {"execution_time": 0.40566158294677734, "passed": false}, "24": {"execution_time": 0.23552346229553223, "passed": true}, "25": {"execution_time": 1.1529631614685059, "passed": false}, "26": {"execution_time": 0.9381706714630127, "passed": false}, "27": {"execution_time": 1.259037733078003, "passed": false}, "28": {"execution_time": 5.862205982208252, "passed": false}, "29": {"execution_time": 1.1568865776062012, "passed": false}}}}