{"score": {"sample": {"0": {"passed": true, "execution_time": 0.276630163192749}, "1": {"passed": true, "execution_time": 0.271282434463501}, "2": {"passed": true, "execution_time": 0.6058228015899658}, "3": {"passed": true, "execution_time": 0.6069955825805664}, "4": {"passed": true, "execution_time": 0.5465483665466309}, "5": {"passed": true, "execution_time": 0.5509114265441895}, "6": {"passed": true, "execution_time": 0.6510660648345947}, "7": {"passed": true, "execution_time": 0.6288363933563232}, "8": {"passed": true, "execution_time": 0.3580894470214844}, "9": {"passed": true, "execution_time": 0.6072087287902832}, "10": {"passed": true, "execution_time": 0.5501549243927002}, "11": {"passed": true, "execution_time": 2.2125134468078613}, "12": {"passed": true, "execution_time": 0.5814924240112305}, "13": {"passed": true, "execution_time": 0.22310948371887207}, "14": {"passed": true, "execution_time": 0.6315951347351074}, "15": {"passed": true, "execution_time": 0.5941257476806641}, "16": {"passed": true, "execution_time": 0.325991153717041}, "17": {"passed": true, "execution_time": 0.3368668556213379}, "18": {"passed": true, "execution_time": 0.2577483654022217}, "19": {"passed": true, "execution_time": 0.2703526020050049}, "20": {"passed": true, "execution_time": 0.2824103832244873}, "21": {"passed": true, "execution_time": 0.31448984146118164}, "22": {"passed": true, "execution_time": 0.25209808349609375}, "23": {"passed": true, "execution_time": 0.32129573822021484}, "24": {"passed": true, "execution_time": 0.22041082382202148}, "25": {"passed": true, "execution_time": 0.5810642242431641}, "26": {"passed": true, "execution_time": 0.549142599105835}, "27": {"passed": true, "execution_time": 0.6088089942932129}, "28": {"passed": true, "execution_time": 0.887965202331543}, "29": {"passed": true, "execution_time": 0.11867165565490723}}}, "message": "ERROR: Hidden Testcases server unreachable.", "version": "1", "problem_id": "ads2_m16_a1_1", "user_id": "gangadharsingh", "check_style_score": "0/1"}