{"check_style_score": "0/1", "score": {"sample": {"0": {"execution_time": 0.277315616607666, "passed": true}, "1": {"execution_time": 0.23539376258850098, "passed": true}, "2": {"execution_time": 0.5857300758361816, "passed": true}, "3": {"execution_time": 0.6822798252105713, "passed": true}, "4": {"execution_time": 0.5899126529693604, "passed": true}, "5": {"execution_time": 0.5491454601287842, "passed": true}, "6": {"execution_time": 0.6224536895751953, "passed": true}, "7": {"execution_time": 0.5401427745819092, "passed": true}, "8": {"execution_time": 0.30872607231140137, "passed": true}, "9": {"execution_time": 0.5886931419372559, "passed": true}, "10": {"execution_time": 0.5655224323272705, "passed": true}, "11": {"execution_time": 2.276472806930542, "passed": true}, "12": {"execution_time": 0.6005034446716309, "passed": true}, "13": {"execution_time": 0.2567124366760254, "passed": true}, "14": {"execution_time": 0.639826774597168, "passed": true}, "15": {"execution_time": 0.5688228607177734, "passed": true}, "16": {"execution_time": 0.3188481330871582, "passed": true}, "17": {"execution_time": 0.2433323860168457, "passed": true}, "18": {"execution_time": 0.31103992462158203, "passed": true}, "19": {"execution_time": 0.2678344249725342, "passed": true}, "20": {"execution_time": 0.3751993179321289, "passed": true}, "21": {"execution_time": 0.3134593963623047, "passed": true}, "22": {"execution_time": 0.3541414737701416, "passed": true}, "23": {"execution_time": 0.2949199676513672, "passed": true}, "24": {"execution_time": 0.22968769073486328, "passed": true}, "25": {"execution_time": 0.6331543922424316, "passed": true}, "26": {"execution_time": 0.5514771938323975, "passed": true}, "27": {"execution_time": 0.6318178176879883, "passed": true}, "28": {"execution_time": 0.9493002891540527, "passed": true}, "29": {"execution_time": 0.1083071231842041, "passed": true}}}, "problem_id": "ads2_m16_a1_1", "version": "1", "user_id": "gangadharsingh", "message": "ERROR: Hidden Testcases server unreachable."}