{"user_id": "gangadharsingh", "check_style_score": "0/1", "score": {"sample": {"0": {"execution_time": 0.23293328285217285, "passed": true}, "1": {"execution_time": 0.30771541595458984, "passed": true}, "2": {"execution_time": 0.5681922435760498, "passed": true}, "3": {"execution_time": 0.6836607456207275, "passed": true}, "4": {"execution_time": 0.6093072891235352, "passed": true}, "5": {"execution_time": 0.5560059547424316, "passed": true}, "6": {"execution_time": 0.7026960849761963, "passed": true}, "7": {"execution_time": 0.7684409618377686, "passed": true}, "8": {"execution_time": 0.24920368194580078, "passed": true}, "9": {"execution_time": 0.8374569416046143, "passed": true}, "10": {"execution_time": 0.6965274810791016, "passed": true}, "11": {"execution_time": 2.5215537548065186, "passed": true}, "12": {"execution_time": 0.6162562370300293, "passed": true}, "13": {"execution_time": 0.2513289451599121, "passed": true}, "14": {"execution_time": 0.6889548301696777, "passed": true}, "15": {"execution_time": 0.7401411533355713, "passed": true}, "16": {"execution_time": 0.3036186695098877, "passed": true}, "17": {"execution_time": 0.3174564838409424, "passed": true}, "18": {"execution_time": 0.25669264793395996, "passed": true}, "19": {"execution_time": 0.3335115909576416, "passed": true}, "20": {"execution_time": 0.44885778427124023, "passed": true}, "21": {"execution_time": 0.24454283714294434, "passed": true}, "22": {"execution_time": 0.3088803291320801, "passed": true}, "23": {"execution_time": 0.4033951759338379, "passed": true}, "24": {"execution_time": 0.2396993637084961, "passed": true}, "25": {"execution_time": 0.6162691116333008, "passed": true}, "26": {"execution_time": 0.5400040149688721, "passed": true}, "27": {"execution_time": 0.6455879211425781, "passed": true}, "28": {"execution_time": 1.0083885192871094, "passed": true}, "29": {"execution_time": 0.16200757026672363, "passed": true}}}, "version": "1", "message": "ERROR: Hidden Testcases server unreachable.", "problem_id": "ads2_m16_a1_1"}