{"user_id": "gangadharsingh", "problem_id": "ads2_m16_a1_1", "check_style_score": "0/1", "version": "1", "score": {"sample": {"0": {"passed": false, "execution_time": 0.7046804428100586}, "1": {"passed": false, "execution_time": 0.27425193786621094}, "2": {"passed": false, "execution_time": 1.7613012790679932}, "3": {"passed": false, "execution_time": 1.2353174686431885}, "4": {"passed": false, "execution_time": 1.135035753250122}, "5": {"passed": false, "execution_time": 1.2041065692901611}, "6": {"passed": false, "execution_time": 1.0723614692687988}, "7": {"passed": false, "execution_time": 1.1870110034942627}, "8": {"passed": false, "execution_time": 0.30876731872558594}, "9": {"passed": false, "execution_time": 1.2139921188354492}, "10": {"passed": false, "execution_time": 1.1907844543457031}, "11": {"passed": false, "execution_time": 0.23255372047424316}, "12": {"passed": false, "execution_time": 1.2357041835784912}, "13": {"passed": true, "execution_time": 0.30485963821411133}, "14": {"passed": false, "execution_time": 1.166619062423706}, "15": {"passed": false, "execution_time": 1.1056828498840332}, "16": {"passed": false, "execution_time": 0.4075469970703125}, "17": {"passed": false, "execution_time": 0.3848545551300049}, "18": {"passed": false, "execution_time": 0.31313371658325195}, "19": {"passed": false, "execution_time": 0.4077286720275879}, "20": {"passed": false, "execution_time": 0.32926392555236816}, "21": {"passed": false, "execution_time": 0.3781564235687256}, "22": {"passed": false, "execution_time": 0.3347494602203369}, "23": {"passed": false, "execution_time": 0.30573296546936035}, "24": {"passed": true, "execution_time": 0.16541028022766113}, "25": {"passed": false, "execution_time": 1.128615140914917}, "26": {"passed": false, "execution_time": 0.8054428100585938}, "27": {"passed": false, "execution_time": 1.1502492427825928}, "28": {"passed": false, "execution_time": 14.66135835647583}, "29": {"passed": false, "execution_time": 1.3343486785888672}}}, "message": "ERROR: Hidden Testcases server unreachable."}