{"user_id": "gangadharsingh", "problem_id": "ads2_m16_a1_1", "version": "1", "check_style_score": "0/1", "score": {"sample": {"0": {"passed": true, "execution_time": 0.34607911109924316}, "1": {"passed": true, "execution_time": 0.2811150550842285}, "2": {"passed": true, "execution_time": 0.6174294948577881}, "3": {"passed": true, "execution_time": 0.5823655128479004}, "4": {"passed": true, "execution_time": 0.6624722480773926}, "5": {"passed": true, "execution_time": 0.6178045272827148}, "6": {"passed": true, "execution_time": 0.6198468208312988}, "7": {"passed": true, "execution_time": 0.641442060470581}, "8": {"passed": true, "execution_time": 0.30680227279663086}, "9": {"passed": true, "execution_time": 0.5598897933959961}, "10": {"passed": true, "execution_time": 0.5412921905517578}, "11": {"passed": true, "execution_time": 2.254152774810791}, "12": {"passed": true, "execution_time": 0.5522420406341553}, "13": {"passed": true, "execution_time": 0.23684930801391602}, "14": {"passed": true, "execution_time": 0.6042497158050537}, "15": {"passed": true, "execution_time": 0.5912294387817383}, "16": {"passed": true, "execution_time": 0.3052678108215332}, "17": {"passed": true, "execution_time": 0.32200002670288086}, "18": {"passed": true, "execution_time": 0.33088016510009766}, "19": {"passed": true, "execution_time": 0.2708437442779541}, "20": {"passed": true, "execution_time": 0.3354763984680176}, "21": {"passed": true, "execution_time": 0.31801295280456543}, "22": {"passed": true, "execution_time": 0.32053351402282715}, "23": {"passed": true, "execution_time": 0.3343925476074219}, "24": {"passed": true, "execution_time": 0.2275865077972412}, "25": {"passed": true, "execution_time": 0.6593983173370361}, "26": {"passed": true, "execution_time": 0.5561947822570801}, "27": {"passed": true, "execution_time": 0.6451923847198486}, "28": {"passed": true, "execution_time": 0.8993628025054932}, "29": {"passed": true, "execution_time": 0.15668702125549316}}}, "message": "ERROR: Hidden Testcases server unreachable."}